{
  "assetsByChunkName": {
    "vendors~app-account~app-checkout~app-confirmation~app-order": "chunk.8a7120b483449af3c6f5.js",
    "vendors~app-account~app-confirmation~app-order": "chunk.504c9e811d27528e30cf.js",
    "vendors~app-account~app-checkout": "chunk.b833bea513b1f8182687.js",
    "admin": [
      "admin.a7f526de30540b4369a2.js",
      "admin.a7f526de30540b4369a2.js.map"
    ],
    "app-account": "chunk.d474164f24801e69a06d.js",
    "app-confirmation": "chunk.a69463e9682a5f20c32c.js",
    "app-order": "chunk.ef7b6986bf36da389dc8.js",
    "checkout": [
      "checkout.2513dd290eb00dd81575.js",
      "checkout.2513dd290eb00dd81575.js.map"
    ],
    "storefront": [
      "storefront.ce014b81819122a31591.css",
      "storefront.72928817c891db51f808.js",
      "storefront.ce014b81819122a31591.css.map",
      "storefront.72928817c891db51f808.js.map"
    ],
    "vendors~app-cart": "chunk.d58ea7af7f41def78959.js",
    "vendors~app-checkout": "chunk.8b1ef13a6e36072edcf9.js"
  }
}