{
  "description": {
    "title": "Quem somos",
    "text": "Na Velitah Brasil produzimos velas aromáticas de verdade, com fragrâncias de alta qualidade e embalagens luxuosas, sofisticadas, que agregam na decoração dos ambientes. Somos movidos por um grande propósito: gerar recursos para causas pet. Por isso, parte do lucro obtido com as vendas de nossos produtos é destinado a programas de castração de cães e gatos de rua. Vibramos a cada venda, pois assim mais recursos se somam à nossa causa. Obrigado por chegar até aqui. Experimente nossos produtos, você vai se surpreender! Saiba mais sobre nós em nossas redes sociais."
  },
  "links_1": {
    "list_pages": true,
    "title": "Páginas",
    "list": []
  },
  "links_2": {
    "list_categories": true,
    "title": "Categorias",
    "list": []
  },
  "contacts": {
    "title": "Contatos",
    "phone_wpp": true,
    "socials": true,
    "email": true,
    "address": true
  },
  "stamps": [
    {
      "src": "/img/uploads/ssl-safe.png",
      "alt": "Secure connection"
    }
  ],
  "payment_methods": {
    "bb": true,
    "visa": true,
    "boleto": true,
    "aura": false,
    "banrisul": false,
    "elo": true,
    "hipercard": false,
    "hsbc": false,
    "bradesco": true,
    "santander": false,
    "mastercard": true,
    "citibank": false,
    "mais": false,
    "itau": true
  },
  "credits": ""
}