{
  "meta_title": "Velas aromáticas, aromatizadas e perfumadas para amar e presentear",
  "meta_description": "É um charme poder acender uma vela aromática em casa, especialmente quando vamos receber visitas. Velas aromáticas dispersam o perfume no ambiente e quando acesas oferecem requinte e sofisticação. Com as velas da Velitah Brasil a casa fica mais perfumada e a decoração mais linda, pois os aromas e matérias primas são de alta qualidade e as embalagens são luxuosas e possuem temas pensados para compor com a decoração. É também muito prazeroso oferecer velas perfumadas como presente, presente para amiga especial, presente para chá de cozinha, presente ideal para várias ocasiões, presente de aniversário, presente para dia das mães, presente de natal, é sugestão como um presente criativo, presente para amigo secreto, presente para amigo que mora longe. Vela aromatizada faz toda diferença em uma noite romântica, pois um aroma agradável proporciona bem-estar e desperta os sentidos. Há velas de diversos aromas, vela de limão, vela de alecrim, vela de lavanda são as que mais se destacam, e a vela de citronela que além de aroma agradável ainda possui propriedades repelentes de insetos. E não podemos deixar de falar do castiçal, é claro, que tem como objetivo principal fixar e proteger as velas para também proporcionar uma melhor iluminação. O primeiro castiçal foi criado em ouro, sob a influência de franceses e ingleses, com a função de ornamentar os ambientes no estilo neoclássico. Há velas aromáticas e velas perfumadas de diversos tamanhos, os pequenos são denominadas de mini-velas, ou velas rechaud, e normalmente são utilizadas em porta-velas de vidro visando agregar maior requinte e sofisticação aos ambientes quando acesas. Castiçais e porta velas decorativas também podem ser utilizados também para compor a decoração do ambiente. É muito comum se utilizar na decoração de lavabos, então esta é também uma boa dica de presente, um kit lavabo com velas aromáticas. Vela aromática, vela aromatizada ou vela perfumada são a mesma coisa, a maioria é produzida à base de cera mix de parafina, mas as melhores são de cera 100% vegetal que têm como principal vantagem ser amigável ao meio-ambiente. Velas aromatizadas é um termo muito utilizado na cidade de São Paulo/SP, já o termo velas perfumadas é mais utilizado na região sul do Brasil, assim como velas de natal, castiçal de vidro e porta velas.",
  "sections": [
    {
      "type": "banner-slider",
      "autoplay": 6000,
      "slides": [
        {
          "start": "",
          "end": "",
          "img": "/img/uploads/ban_1_1920x890_velitah_brasil.png",
          "alt": "Banner sample one",
          "mobile_img": "/img/uploads/mob_1_412x412_velitah_brasil.png"
        },
        {
          "start": "",
          "end": "",
          "img": "/img/uploads/ban_2_1920x890_velitah_brasil.png",
          "mobile_img": "/img/uploads/mob_2_412x412_velitah_brasil.png",
          "alt": "Banner sample two"
        },
        {
          "img": "/img/uploads/ban_3_1920x890_velitah_brasil.png",
          "alt": "Banner sample three",
          "start": "",
          "end": "",
          "mobile_img": "/img/uploads/mob_3_412x412_velitah_brasil.png"
        },
        {
          "img": "/img/uploads/ban_4_1920x890_velitah_brasil.png",
          "link": "",
          "alt": "Banner sample four",
          "start": "",
          "end": "",
          "mobile_img": "/img/uploads/mob_4_412x412_velitah_brasil.png"
        },
        {
          "start": "",
          "end": "",
          "img": "/img/uploads/ban_5_1920x890_velitah_brasil.png",
          "alt": "Banner sample five",
          "mobile_img": "/img/uploads/mob_5_412x412_velitah_brasil.png"
        }
      ]
    },
    {
      "type": "info-bar",
      "enabled": true
    },
    {
      "type": "collection-shelf",
      "shuffle": true,
      "collection_id": null,
      "limit": 12,
      "page": 1,
      "sort": "views",
      "title": "Mais vendidos"
    },
    {
      "type": "page-title",
      "title": "Velitah Brasil velas aromáticas sofisticadas",
      "description": "Sua casa vai ficar mais perfumada e a decoração mais linda. Requinte em velas aromatizadas para amar e presentear, em até 12x sem juros + Sacola para presente"
    }
  ]
}